Date,City,Confirmed,OBJECTID
10/1/2020,Amman,538,4
10/1/2020,Zarqa,534,6
10/1/2020,Jerash,23,12
10/1/2020,irbid ,24,7
10/1/2020,Madaba,11,3
10/1/2020,Ajloun,5,9
10/1/2020,Karak,3,11
10/1/2020,Balqa,119,8
10/1/2020,Maan,5,1
10/1/2020,Mafraq,7,10
10/1/2020,Tafilah,0,5
10/1/2020,Aqaba,5,2
10/2/2020,Amman,408,4
10/2/2020,Zarqa,72,6
10/2/2020,Jerash,4,12
10/2/2020,irbid ,2,7
10/2/2020,Madaba,0,3
10/2/2020,Ajloun,2,9
10/2/2020,Karak,5,11
10/2/2020,Balqa,45,8
10/2/2020,Maan,4,1
10/2/2020,Mafraq,4,10
10/2/2020,Tafilah,0,5
10/2/2020,Aqaba,0,2
10/3/2020,Amman,737,4
10/3/2020,Zarqa,184,6
10/3/2020,Jerash,13,12
10/3/2020,irbid ,11,7
10/3/2020,Madaba,6,3
10/3/2020,Ajloun,26,9
10/3/2020,Karak,21,11
10/3/2020,Balqa,73,8
10/3/2020,Maan,3,1
10/3/2020,Mafraq,12,10
10/3/2020,Tafilah,0,5
10/3/2020,Aqaba,13,2
10/4/2020,Amman,606,4
10/4/2020,Zarqa,130,6
10/4/2020,Jerash,13,12
10/4/2020,irbid ,24,7
10/4/2020,Madaba,18,3
10/4/2020,Ajloun,4,9
10/4/2020,Karak,19,11
10/4/2020,Balqa,46,8
10/4/2020,Maan,5,1
10/4/2020,Mafraq,4,10
10/4/2020,Tafilah,19,5
10/4/2020,Aqaba,1,2
10/5/2020,Amman,1188,4
10/5/2020,Zarqa,125,6
10/5/2020,Jerash,70,12
10/5/2020,irbid ,89,7
10/5/2020,Madaba,65,3
10/5/2020,Ajloun,119,9
10/5/2020,Karak,53,11
10/5/2020,Balqa,65,8
10/5/2020,Maan,6,1
10/5/2020,Mafraq,11,10
10/5/2020,Tafilah,11,5
10/5/2020,Aqaba,21,2
10/6/2020,Amman,0,4
10/6/2020,Zarqa,0,6
10/6/2020,Jerash,0,12
10/6/2020,irbid ,0,7
10/6/2020,Madaba,0,3
10/6/2020,Ajloun,0,9
10/6/2020,Karak,0,11
10/6/2020,Balqa,0,8
10/6/2020,Maan,0,1
10/6/2020,Mafraq,0,10
10/6/2020,Tafilah,0,5
10/6/2020,Aqaba,0,2
10/7/2020,Amman,870,4
10/7/2020,Zarqa,115,6
10/7/2020,Jerash,7,12
10/7/2020,irbid ,81,7
10/7/2020,Madaba,3,3
10/7/2020,Ajloun,1,9
10/7/2020,Karak,28,11
10/7/2020,Balqa,37,8
10/7/2020,Maan,18,1
10/7/2020,Mafraq,4,10
10/7/2020,Tafilah,1,5
10/7/2020,Aqaba,25,2
10/8/2020,Amman,895,4
10/8/2020,Zarqa,102,6
10/8/2020,Jerash,8,12
10/8/2020,irbid ,16,7
10/8/2020,Madaba,9,3
10/8/2020,Ajloun,7,9
10/8/2020,Karak,213,11
10/8/2020,Balqa,27,8
10/8/2020,Maan,11,1
10/8/2020,Mafraq,6,10
10/8/2020,Tafilah,7,5
10/8/2020,Aqaba,11,2
10/9/2020,Amman,1046,4
10/9/2020,Zarqa,49,6
10/9/2020,Jerash,13,12
10/9/2020,irbid ,15,7
10/9/2020,Madaba,10,3
10/9/2020,Ajloun,14,9
10/9/2020,Karak,11,11
10/9/2020,Balqa,55,8
10/9/2020,Maan,0,1
10/9/2020,Mafraq,14,10
10/9/2020,Tafilah,1,5
10/9/2020,Aqaba,2,2
10/10/2020,Amman,742,4
10/10/2020,Zarqa,200,6
10/10/2020,Jerash,24,12
10/10/2020,irbid ,59,7
10/10/2020,Madaba,9,3
10/10/2020,Ajloun,8,9
10/10/2020,Karak,97,11
10/10/2020,Balqa,31,8
10/10/2020,Maan,35,1
10/10/2020,Mafraq,13,10
10/10/2020,Tafilah,2,5
10/10/2020,Aqaba,7,2
10/11/2020,Amman,614,4
10/11/2020,Zarqa,71,6
10/11/2020,Jerash,14,12
10/11/2020,irbid ,71,7
10/11/2020,Madaba,6,3
10/11/2020,Ajloun,49,9
10/11/2020,Karak,1,11
10/11/2020,Balqa,89,8
10/11/2020,Maan,2,1
10/11/2020,Mafraq,0,10
10/11/2020,Tafilah,6,5
10/11/2020,Aqaba,0,2
10/12/2020,Amman,647,4
10/12/2020,Zarqa,116,6
10/12/2020,Jerash,52,12
10/12/2020,irbid ,18,7
10/12/2020,Madaba,30,3
10/12/2020,Ajloun,18,9
10/12/2020,Karak,163,11
10/12/2020,Balqa,62,8
10/12/2020,Maan,24,1
10/12/2020,Mafraq,5,10
10/12/2020,Tafilah,0,5
10/12/2020,Aqaba,7,2
10/13/2020,Amman,1357,4
10/13/2020,Zarqa,210,6
10/13/2020,Jerash,28,12
10/13/2020,irbid ,122,7
10/13/2020,Madaba,40,3
10/13/2020,Ajloun,90,9
10/13/2020,Karak,67,11
10/13/2020,Balqa,59,8
10/13/2020,Maan,25,1
10/13/2020,Mafraq,30,10
10/13/2020,Tafilah,11,5
10/13/2020,Aqaba,8,2
10/14/2020,Amman,1319,4
10/14/2020,Zarqa,538,6
10/14/2020,Jerash,42,12
10/14/2020,irbid ,293,7
10/14/2020,Madaba,19,3
10/14/2020,Ajloun,11,9
10/14/2020,Karak,20,11
10/14/2020,Balqa,93,8
10/14/2020,Maan,17,1
10/14/2020,Mafraq,31,10
10/14/2020,Tafilah,6,5
10/14/2020,Aqaba,22,2
10/15/2020,Amman,1071,4
10/15/2020,Zarqa,809,6
10/15/2020,Jerash,44,12
10/15/2020,irbid ,135,7
10/15/2020,Madaba,13,3
10/15/2020,Ajloun,96,9
10/15/2020,Karak,84,11
10/15/2020,Balqa,103,8
10/15/2020,Maan,29,1
10/15/2020,Mafraq,22,10
10/15/2020,Tafilah,125,5
10/15/2020,Aqaba,25,2
10/16/2020,Amman,907,4
10/16/2020,Zarqa,135,6
10/16/2020,Jerash,67,12
10/16/2020,irbid ,101,7
10/16/2020,Madaba,52,3
10/16/2020,Ajloun,56,9
10/16/2020,Karak,35,11
10/16/2020,Balqa,105,8
10/16/2020,Maan,9,1
10/16/2020,Mafraq,35,10
10/16/2020,Tafilah,9,5
10/16/2020,Aqaba,12,2
10/17/2020,Amman,939,4
10/17/2020,Zarqa,181,6
10/17/2020,Jerash,17,12
10/17/2020,irbid ,191,7
10/17/2020,Madaba,3,3
10/17/2020,Ajloun,7,9
10/17/2020,Karak,29,11
10/17/2020,Balqa,36,8
10/17/2020,Maan,42,1
10/17/2020,Mafraq,39,10
10/17/2020,Tafilah,6,5
10/17/2020,Aqaba,15,2
10/18/2020,Amman,1100,4
10/18/2020,Zarqa,99,6
10/18/2020,Jerash,4,12
10/18/2020,irbid ,111,7
10/18/2020,Madaba,25,3
10/18/2020,Ajloun,14,9
10/18/2020,Karak,74,11
10/18/2020,Balqa,64,8
10/18/2020,Maan,8,1
10/18/2020,Mafraq,3,10
10/18/2020,Tafilah,11,5
10/18/2020,Aqaba,7,2
10/19/2020,Amman,901,4
10/19/2020,Zarqa,62,6
10/19/2020,Jerash,38,12
10/19/2020,irbid ,149,7
10/19/2020,Madaba,11,3
10/19/2020,Ajloun,40,9
10/19/2020,Karak,31,11
10/19/2020,Balqa,48,8
10/19/2020,Maan,12,1
10/19/2020,Mafraq,8,10
10/19/2020,Tafilah,18,5
10/19/2020,Aqaba,44,2
10/20/2020,Amman,1218,4
10/20/2020,Zarqa,537,6
10/20/2020,Jerash,20,12
10/20/2020,irbid ,47,7
10/20/2020,Madaba,27,3
10/20/2020,Ajloun,7,9
10/20/2020,Karak,36,11
10/20/2020,Balqa,53,8
10/20/2020,Maan,40,1
10/20/2020,Mafraq,35,10
10/20/2020,Tafilah,0,5
10/20/2020,Aqaba,11,2
10/21/2020,Amman,1578,4
10/21/2020,Zarqa,320,6
10/21/2020,Jerash,104,12
10/21/2020,irbid ,230,7
10/21/2020,Madaba,58,3
10/21/2020,Ajloun,24,9
10/21/2020,Karak,0,11
10/21/2020,Balqa,139,8
10/21/2020,Maan,28,1
10/21/2020,Mafraq,18,10
10/21/2020,Tafilah,2,5
10/21/2020,Aqaba,36,2
10/22/2020,Amman,1886,4
10/22/2020,Zarqa,293,6
10/22/2020,Jerash,5,12
10/22/2020,irbid ,268,7
10/22/2020,Madaba,23,3
10/22/2020,Ajloun,35,9
10/22/2020,Karak,28,11
10/22/2020,Balqa,133,8
10/22/2020,Maan,37,1
10/22/2020,Mafraq,32,10
10/22/2020,Tafilah,17,5
10/22/2020,Aqaba,61,2
10/23/2020,Amman,1416,4
10/23/2020,Zarqa,256,6
10/23/2020,Jerash,66,12
10/23/2020,irbid ,321,7
10/23/2020,Madaba,101,3
10/23/2020,Ajloun,1,9
10/23/2020,Karak,179,11
10/23/2020,Balqa,77,8
10/23/2020,Maan,15,1
10/23/2020,Mafraq,19,10
10/23/2020,Tafilah,5,5
10/23/2020,Aqaba,31,2
10/24/2020,Amman,1050,4
10/24/2020,Zarqa,235,6
10/24/2020,Jerash,40,12
10/24/2020,irbid ,205,7
10/24/2020,Madaba,26,3
10/24/2020,Ajloun,21,9
10/24/2020,Karak,31,11
10/24/2020,Balqa,45,8
10/24/2020,Maan,66,1
10/24/2020,Mafraq,36,10
10/24/2020,Tafilah,0,5
10/24/2020,Aqaba,63,2
10/25/2020,Amman,1733,4
10/25/2020,Zarqa,0,6
10/25/2020,Jerash,12,12
10/25/2020,irbid ,386,7
10/25/2020,Madaba,2,3
10/25/2020,Ajloun,15,9
10/25/2020,Karak,21,11
10/25/2020,Balqa,31,8
10/25/2020,Maan,21,1
10/25/2020,Mafraq,1,10
10/25/2020,Tafilah,32,5
10/25/2020,Aqaba,83,2
10/26/2020,Amman,1159,4
10/26/2020,Zarqa,154,6
10/26/2020,Jerash,61,12
10/26/2020,irbid ,171,7
10/26/2020,Madaba,25,3
10/26/2020,Ajloun,36,9
10/26/2020,Karak,98,11
10/26/2020,Balqa,56,8
10/26/2020,Maan,33,1
10/26/2020,Mafraq,117,10
10/26/2020,Tafilah,16,5
10/26/2020,Aqaba,42,2
10/27/2020,Amman,2253,4
10/27/2020,Zarqa,562,6
10/27/2020,Jerash,143,12
10/27/2020,irbid ,383,7
10/27/2020,Madaba,4,3
10/27/2020,Ajloun,41,9
10/27/2020,Karak,87,11
10/27/2020,Balqa,44,8
10/27/2020,Maan,47,1
10/27/2020,Mafraq,76,10
10/27/2020,Tafilah,98,5
10/27/2020,Aqaba,62,2
10/28/2020,Amman,1329,4
10/28/2020,Zarqa,849,6
10/28/2020,Jerash,10,12
10/28/2020,irbid ,226,7
10/28/2020,Madaba,83,3
10/28/2020,Ajloun,62,9
10/28/2020,Karak,100,11
10/28/2020,Balqa,252,8
10/28/2020,Maan,28,1
10/28/2020,Mafraq,92,10
10/28/2020,Tafilah,26,5
10/28/2020,Aqaba,30,2
10/29/2020,Amman,2105,4
10/29/2020,Zarqa,537,6
10/29/2020,Jerash,44,12
10/29/2020,irbid ,198,7
10/29/2020,Madaba,17,3
10/29/2020,Ajloun,23,9
10/29/2020,Karak,46,11
10/29/2020,Balqa,138,8
10/29/2020,Maan,31,1
10/29/2020,Mafraq,145,10
10/29/2020,Tafilah,10,5
10/29/2020,Aqaba,149,2
10/30/2020,Amman,2322,4
10/30/2020,Zarqa,280,6
10/30/2020,Jerash,59,12
10/30/2020,irbid ,418,7
10/30/2020,Madaba,84,3
10/30/2020,Ajloun,101,9
10/30/2020,Karak,73,11
10/30/2020,Balqa,132,8
10/30/2020,Maan,118,1
10/30/2020,Mafraq,69,10
10/30/2020,Tafilah,166,5
10/30/2020,Aqaba,89,2
10/31/2020,Amman,1534,4
10/31/2020,Zarqa,498,6
10/31/2020,Jerash,151,12
10/31/2020,irbid ,369,7
10/31/2020,Madaba,82,3
10/31/2020,Ajloun,83,9
10/31/2020,Karak,128,11
10/31/2020,Balqa,132,8
10/31/2020,Maan,109,1
10/31/2020,Mafraq,99,10
10/31/2020,Tafilah,53,5
10/31/2020,Aqaba,63,2
11/1/2020,Amman,2199,4
11/1/2020,Zarqa,264,6
11/1/2020,Jerash,8,12
11/1/2020,irbid ,197,7
11/1/2020,Madaba,85,3
11/1/2020,Ajloun,86,9
11/1/2020,Karak,66,11
11/1/2020,Balqa,71,8
11/1/2020,Maan,118,1
11/1/2020,Mafraq,42,10
11/1/2020,Tafilah,35,5
11/1/2020,Aqaba,88,2
11/2/2020,Amman,3361,4
11/2/2020,Zarqa,884,6
11/2/2020,Jerash,75,12
11/2/2020,irbid ,623,7
11/2/2020,Madaba,8,3
11/2/2020,Ajloun,108,9
11/2/2020,Karak,87,11
11/2/2020,Balqa,294,8
11/2/2020,Maan,197,1
11/2/2020,Mafraq,75,10
11/2/2020,Tafilah,58,5
11/2/2020,Aqaba,107,2
11/3/2020,Amman,2477,4
11/3/2020,Zarqa,1127,6
11/3/2020,Jerash,148,12
11/3/2020,irbid ,507,7
11/3/2020,Madaba,10,3
11/3/2020,Ajloun,31,9
11/3/2020,Karak,137,11
11/3/2020,Balqa,98,8
11/3/2020,Maan,39,1
11/3/2020,Mafraq,97,10
11/3/2020,Tafilah,28,5
11/3/2020,Aqaba,134,2
11/4/2020,Amman,2274,4
11/4/2020,Zarqa,528,6
11/4/2020,Jerash,4,12
11/4/2020,irbid ,670,7
11/4/2020,Madaba,99,3
11/4/2020,Ajloun,89,9
11/4/2020,Karak,23,11
11/4/2020,Balqa,444,8
11/4/2020,Maan,136,1
11/4/2020,Mafraq,213,10
11/4/2020,Tafilah,47,5
11/4/2020,Aqaba,131,2
11/5/2020,Amman,2833,4
11/5/2020,Zarqa,703,6
11/5/2020,Jerash,7,12
11/5/2020,irbid ,421,7
11/5/2020,Madaba,20,3
11/5/2020,Ajloun,119,9
11/5/2020,Karak,75,11
11/5/2020,Balqa,152,8
11/5/2020,Maan,110,1
11/5/2020,Mafraq,73,10
11/5/2020,Tafilah,0,5
11/5/2020,Aqaba,117,2
11/6/2020,Amman,3339,4
11/6/2020,Zarqa,762,6
11/6/2020,Jerash,243,12
11/6/2020,irbid ,398,7
11/6/2020,Madaba,151,3
11/6/2020,Ajloun,44,9
11/6/2020,Karak,98,11
11/6/2020,Balqa,275,8
11/6/2020,Maan,204,1
11/6/2020,Mafraq,10,10
11/6/2020,Tafilah,96,5
11/6/2020,Aqaba,73,2
11/7/2020,Amman,1731,4
11/7/2020,Zarqa,477,6
11/7/2020,Jerash,73,12
11/7/2020,irbid ,509,7
11/7/2020,Madaba,48,3
11/7/2020,Ajloun,122,9
11/7/2020,Karak,128,11
11/7/2020,Balqa,89,8
11/7/2020,Maan,35,1
11/7/2020,Mafraq,118,10
11/7/2020,Tafilah,38,5
11/7/2020,Aqaba,186,2
11/8/2020,Amman,2317,4
11/8/2020,Zarqa,828,6
11/8/2020,Jerash,79,12
11/8/2020,irbid ,439,7
11/8/2020,Madaba,72,3
11/8/2020,Ajloun,5,9
11/8/2020,Karak,203,11
11/8/2020,Balqa,133,8
11/8/2020,Maan,113,1
11/8/2020,Mafraq,126,10
11/8/2020,Tafilah,27,5
11/8/2020,Aqaba,177,2
11/9/2020,Amman,3147,4
11/9/2020,Zarqa,631,6
11/9/2020,Jerash,231,12
11/9/2020,irbid ,581,7
11/9/2020,Madaba,66,3
11/9/2020,Ajloun,34,9
11/9/2020,Karak,279,11
11/9/2020,Balqa,170,8
11/9/2020,Maan,172,1
11/9/2020,Mafraq,79,10
11/9/2020,Tafilah,89,5
11/9/2020,Aqaba,186,2
11/10/2020,Amman,2987,4
11/10/2020,Zarqa,1062,6
11/10/2020,Jerash,80,12
11/10/2020,irbid ,511,7
11/10/2020,Madaba,176,3
11/10/2020,Ajloun,67,9
11/10/2020,Karak,266,11
11/10/2020,Balqa,274,8
11/10/2020,Maan,104,1
11/10/2020,Mafraq,58,10
11/10/2020,Tafilah,158,5
11/10/2020,Aqaba,253,2
11/11/2020,Amman,2514,4
11/11/2020,Zarqa,795,6
11/11/2020,Jerash,200,12
11/11/2020,irbid ,704,7
11/11/2020,Madaba,223,3
11/11/2020,Ajloun,261,9
11/11/2020,Karak,26,11
11/11/2020,Balqa,289,8
11/11/2020,Maan,85,1
11/11/2020,Mafraq,54,10
11/11/2020,Tafilah,95,5
11/11/2020,Aqaba,173,2
11/12/2020,Amman,2533,4
11/12/2020,Zarqa,762,6
11/12/2020,Jerash,32,12
11/12/2020,irbid ,601,7
11/12/2020,Madaba,54,3
11/12/2020,Ajloun,335,9
11/12/2020,Karak,308,11
11/12/2020,Balqa,605,8
11/12/2020,Maan,60,1
11/12/2020,Mafraq,184,10
11/12/2020,Tafilah,106,5
11/12/2020,Aqaba,105,2
11/13/2020,Amman,2084,4
11/13/2020,Zarqa,142,6
11/13/2020,Jerash,494,12
11/13/2020,irbid ,1109,7
11/13/2020,Madaba,84,3
11/13/2020,Ajloun,59,9
11/13/2020,Karak,121,11
11/13/2020,Balqa,100,8
11/13/2020,Maan,3,1
11/13/2020,Mafraq,224,10
11/13/2020,Tafilah,42,5
11/13/2020,Aqaba,7,2
11/14/2020,Amman,2102,4
11/14/2020,Zarqa,348,6
11/14/2020,Jerash,139,12
11/14/2020,irbid ,1133,7
11/14/2020,Madaba,29,3
11/14/2020,Ajloun,237,9
11/14/2020,Karak,129,11
11/14/2020,Balqa,167,8
11/14/2020,Maan,40,1
11/14/2020,Mafraq,174,10
11/14/2020,Tafilah,220,5
11/14/2020,Aqaba,32,2
11/15/2020,Amman,1145,4
11/15/2020,Zarqa,168,6
11/15/2020,Jerash,115,12
11/15/2020,irbid ,269,7
11/15/2020,Madaba,139,3
11/15/2020,Ajloun,118,9
11/15/2020,Karak,48,11
11/15/2020,Balqa,54,8
11/15/2020,Maan,49,1
11/15/2020,Mafraq,26,10
11/15/2020,Tafilah,95,5
11/15/2020,Aqaba,47,2
11/16/2020,Amman,3169,4
11/16/2020,Zarqa,437,6
11/16/2020,Jerash,202,12
11/16/2020,irbid ,769,7
11/16/2020,Madaba,140,3
11/16/2020,Ajloun,101,9
11/16/2020,Karak,130,11
11/16/2020,Balqa,293,8
11/16/2020,Maan,114,1
11/16/2020,Mafraq,102,10
11/16/2020,Tafilah,123,5
11/16/2020,Aqaba,281,2
11/17/2020,Amman,2641,4
11/17/2020,Zarqa,356,6
11/17/2020,Jerash,47,12
11/17/2020,irbid ,1131,7
11/17/2020,Madaba,214,3
11/17/2020,Ajloun,590,9
11/17/2020,Karak,110,11
11/17/2020,Balqa,371,8
11/17/2020,Maan,205,1
11/17/2020,Mafraq,418,10
11/17/2020,Tafilah,157,5
11/17/2020,Aqaba,214,2
11/18/2020,Amman,2412,4
11/18/2020,Zarqa,522,6
11/18/2020,Jerash,708,12
11/18/2020,irbid ,998,7
11/18/2020,Madaba,281,3
11/18/2020,Ajloun,47,9
11/18/2020,Karak,347,11
11/18/2020,Balqa,379,8
11/18/2020,Maan,144,1
11/18/2020,Mafraq,127,10
11/18/2020,Tafilah,65,5
11/18/2020,Aqaba,1893,2
11/19/2020,Amman,2378,4
11/19/2020,Zarqa,353,6
11/19/2020,Jerash,223,12
11/19/2020,irbid ,670,7
11/19/2020,Madaba,52,3
11/19/2020,Ajloun,372,9
11/19/2020,Karak,332,11
11/19/2020,Balqa,495,8
11/19/2020,Maan,167,1
11/19/2020,Mafraq,169,10
11/19/2020,Tafilah,96,5
11/19/2020,Aqaba,163,2
11/20/2020,Amman,1688,4
11/20/2020,Zarqa,456,6
11/20/2020,Jerash,244,12
11/20/2020,irbid ,894,7
11/20/2020,Madaba,182,3
11/20/2020,Ajloun,339,9
11/20/2020,Karak,330,11
11/20/2020,Balqa,202,8
11/20/2020,Maan,80,1
11/20/2020,Mafraq,337,10
11/20/2020,Tafilah,95,5
11/20/2020,Aqaba,93,2
11/21/2020,Amman,1543,4
11/21/2020,Zarqa,139,6
11/21/2020,Jerash,18,12
11/21/2020,irbid ,295,7
11/21/2020,Madaba,101,3
11/21/2020,Ajloun,297,9
11/21/2020,Karak,361,11
11/21/2020,Balqa,328,8
11/21/2020,Maan,213,1
11/21/2020,Mafraq,213,10
11/21/2020,Tafilah,129,5
11/21/2020,Aqaba,189,2
11/22/2020,Amman,1699,4
11/22/2020,Zarqa,371,6
11/22/2020,Jerash,661,12
11/22/2020,irbid ,1441,7
11/22/2020,Madaba,23,3
11/22/2020,Ajloun,2,9
11/22/2020,Karak,162,11
11/22/2020,Balqa,372,8
11/22/2020,Maan,85,1
11/22/2020,Mafraq,46,10
11/22/2020,Tafilah,138,5
11/22/2020,Aqaba,268,2
11/23/2020,Amman,1751,4
11/23/2020,Zarqa,636,6
11/23/2020,Jerash,264,12
11/23/2020,irbid ,872,7
11/23/2020,Madaba,94,3
11/23/2020,Ajloun,259,9
11/23/2020,Karak,279,11
11/23/2020,Balqa,266,8
11/23/2020,Maan,135,1
11/23/2020,Mafraq,340,10
11/23/2020,Tafilah,93,5
11/23/2020,Aqaba,192,2
11/24/2020,Amman,1810,4
11/24/2020,Zarqa,466,6
11/24/2020,Jerash,44,12
11/24/2020,irbid ,663,7
11/24/2020,Madaba,290,3
11/24/2020,Ajloun,189,9
11/24/2020,Karak,96,11
11/24/2020,Balqa,330,8
11/24/2020,Maan,51,1
11/24/2020,Mafraq,349,10
11/24/2020,Tafilah,141,5
11/24/2020,Aqaba,157,2
11/25/2020,Amman,1510,4
11/25/2020,Zarqa,425,6
11/25/2020,Jerash,293,12
11/25/2020,irbid ,1250,7
11/25/2020,Madaba,98,3
11/25/2020,Ajloun,160,9
11/25/2020,Karak,122,11
11/25/2020,Balqa,351,8
11/25/2020,Maan,128,1
11/25/2020,Mafraq,369,10
11/25/2020,Tafilah,97,5
11/25/2020,Aqaba,222,2
11/26/2020,Amman,1594,4
11/26/2020,Zarqa,545,6
11/26/2020,Jerash,212,12
11/26/2020,irbid ,993,7
11/26/2020,Madaba,48,3
11/26/2020,Ajloun,242,9
11/26/2020,Karak,512,11
11/26/2020,Balqa,269,8
11/26/2020,Maan,107,1
11/26/2020,Mafraq,245,10
11/26/2020,Tafilah,40,5
11/26/2020,Aqaba,193,2
11/27/2020,Amman,1442,4
11/27/2020,Zarqa,365,6
11/27/2020,Jerash,371,12
11/27/2020,irbid ,867,7
11/27/2020,Madaba,186,3
11/27/2020,Ajloun,126,9
11/27/2020,Karak,138,11
11/27/2020,Balqa,146,8
11/27/2020,Maan,72,1
11/27/2020,Mafraq,648,10
11/27/2020,Tafilah,158,5
11/27/2020,Aqaba,61,2
11/28/2020,Amman,1089,4
11/28/2020,Zarqa,86,6
11/28/2020,Jerash,61,12
11/28/2020,irbid ,755,7
11/28/2020,Madaba,104,3
11/28/2020,Ajloun,271,9
11/28/2020,Karak,349,11
11/28/2020,Balqa,160,8
11/28/2020,Maan,18,1
11/28/2020,Mafraq,108,10
11/28/2020,Tafilah,46,5
11/28/2020,Aqaba,61,2
11/29/2020,Amman,999,4
11/29/2020,Zarqa,270,6
11/29/2020,Jerash,246,12
11/29/2020,irbid ,989,7
11/29/2020,Madaba,107,3
11/29/2020,Ajloun,56,9
11/29/2020,Karak,264,11
11/29/2020,Balqa,230,8
11/29/2020,Maan,91,1
11/29/2020,Mafraq,102,10
11/29/2020,Tafilah,26,5
11/29/2020,Aqaba,218,2
11/30/2020,Amman,1241,4
11/30/2020,Zarqa,241,6
11/30/2020,Jerash,245,12
11/30/2020,irbid ,1804,7
11/30/2020,Madaba,45,3
11/30/2020,Ajloun,122,9
11/30/2020,Karak,353,11
11/30/2020,Balqa,58,8
11/30/2020,Maan,82,1
11/30/2020,Mafraq,626,10
11/30/2020,Tafilah,128,5
11/30/2020,Aqaba,178,2
12/1/2020,Amman,1292,4
12/1/2020,Zarqa,406,6
12/1/2020,Jerash,284,12
12/1/2020,irbid ,843,7
12/1/2020,Madaba,66,3
12/1/2020,Ajloun,193,9
12/1/2020,Karak,175,11
12/1/2020,Balqa,375,8
12/1/2020,Maan,128,1
12/1/2020,Mafraq,253,10
12/1/2020,Tafilah,65,5
12/1/2020,Aqaba,107,2
12/2/2020,Amman,890,4
12/2/2020,Zarqa,283,6
12/2/2020,Jerash,74,12
12/2/2020,irbid ,1047,7
12/2/2020,Madaba,86,3
12/2/2020,Ajloun,191,9
12/2/2020,Karak,315,11
12/2/2020,Balqa,194,8
12/2/2020,Maan,54,1
12/2/2020,Mafraq,279,10
12/2/2020,Tafilah,57,5
12/2/2020,Aqaba,121,2
12/3/2020,Amman,1376,4
12/3/2020,Zarqa,177,6
12/3/2020,Jerash,226,12
12/3/2020,irbid ,904,7
12/3/2020,Madaba,124,3
12/3/2020,Ajloun,266,9
12/3/2020,Karak,211,11
12/3/2020,Balqa,203,8
12/3/2020,Maan,51,1
12/3/2020,Mafraq,270,10
12/3/2020,Tafilah,100,5
12/3/2020,Aqaba,121,2
12/4/2020,Amman,888,4
12/4/2020,Zarqa,249,6
12/4/2020,Jerash,211,12
12/4/2020,irbid ,1041,7
12/4/2020,Madaba,47,3
12/4/2020,Ajloun,31,9
12/4/2020,Karak,116,11
12/4/2020,Balqa,168,8
12/4/2020,Maan,27,1
12/4/2020,Mafraq,304,10
12/4/2020,Tafilah,26,5
12/4/2020,Aqaba,8,2
12/5/2020,Amman,1014,4
12/5/2020,Zarqa,240,6
12/5/2020,Jerash,140,12
12/5/2020,irbid ,659,7
12/5/2020,Madaba,40,3
12/5/2020,Ajloun,201,9
12/5/2020,Karak,196,11
12/5/2020,Balqa,127,8
12/5/2020,Maan,13,1
12/5/2020,Mafraq,352,10
12/5/2020,Tafilah,92,5
12/5/2020,Aqaba,86,2
12/6/2020,Amman,952,4
12/6/2020,Zarqa,263,6
12/6/2020,Jerash,64,12
12/6/2020,irbid ,661,7
12/6/2020,Madaba,58,3
12/6/2020,Ajloun,39,9
12/6/2020,Karak,137,11
12/6/2020,Balqa,133,8
12/6/2020,Maan,34,1
12/6/2020,Mafraq,110,10
12/6/2020,Tafilah,28,5
12/6/2020,Aqaba,97,2
12/7/2020,Amman,1200,4
12/7/2020,Zarqa,291,6
12/7/2020,Jerash,121,12
12/7/2020,irbid ,1067,7
12/7/2020,Madaba,98,3
12/7/2020,Ajloun,178,9
12/7/2020,Karak,163,11
12/7/2020,Balqa,229,8
12/7/2020,Maan,63,1
12/7/2020,Mafraq,454,10
12/7/2020,Tafilah,46,5
12/7/2020,Aqaba,70,2
12/8/2020,Amman,1062,4
12/8/2020,Zarqa,310,6
12/8/2020,Jerash,113,12
12/8/2020,irbid ,768,7
12/8/2020,Madaba,46,3
12/8/2020,Ajloun,118,9
12/8/2020,Karak,137,11
12/8/2020,Balqa,168,8
12/8/2020,Maan,34,1
12/8/2020,Mafraq,144,10
12/8/2020,Tafilah,54,5
12/8/2020,Aqaba,108,2
12/9/2020,Amman,898,4
12/9/2020,Zarqa,126,6
12/9/2020,Jerash,94,12
12/9/2020,irbid ,1071,7
12/9/2020,Madaba,90,3
12/9/2020,Ajloun,172,9
12/9/2020,Karak,132,11
12/9/2020,Balqa,216,8
12/9/2020,Maan,37,1
12/9/2020,Mafraq,135,10
12/9/2020,Tafilah,64,5
12/9/2020,Aqaba,53,2
12/10/2020,Amman,967,4
12/10/2020,Zarqa,204,6
12/10/2020,Jerash,180,12
12/10/2020,irbid ,876,7
12/10/2020,Madaba,7,3
12/10/2020,Ajloun,38,9
12/10/2020,Karak,89,11
12/10/2020,Balqa,182,8
12/10/2020,Maan,21,1
12/10/2020,Mafraq,202,10
12/10/2020,Tafilah,40,5
12/10/2020,Aqaba,96,2
12/11/2020,Amman,801,4
12/11/2020,Zarqa,222,6
12/11/2020,Jerash,81,12
12/11/2020,irbid ,568,7
12/11/2020,Madaba,90,3
12/11/2020,Ajloun,114,9
12/11/2020,Karak,90,11
12/11/2020,Balqa,90,8
12/11/2020,Maan,14,1
12/11/2020,Mafraq,157,10
12/11/2020,Tafilah,92,5
12/11/2020,Aqaba,19,2
12/12/2020,Amman,465,4
12/12/2020,Zarqa,47,6
12/12/2020,Jerash,122,12
12/12/2020,irbid ,599,7
12/12/2020,Madaba,5,3
12/12/2020,Ajloun,101,9
12/12/2020,Karak,64,11
12/12/2020,Balqa,99,8
12/12/2020,Maan,1,1
12/12/2020,Mafraq,222,10
12/12/2020,Tafilah,46,5
12/12/2020,Aqaba,45,2
12/13/2020,Amman,910,4
12/13/2020,Zarqa,132,6
12/13/2020,Jerash,13,12
12/13/2020,irbid ,579,7
12/13/2020,Madaba,59,3
12/13/2020,Ajloun,36,9
12/13/2020,Karak,160,11
12/13/2020,Balqa,249,8
12/13/2020,Maan,16,1
12/13/2020,Mafraq,6,10
12/13/2020,Tafilah,64,5
12/13/2020,Aqaba,115,2
12/14/2020,Amman,932,4
12/14/2020,Zarqa,219,6
12/14/2020,Jerash,143,12
12/14/2020,irbid ,778,7
12/14/2020,Madaba,1,3
12/14/2020,Ajloun,128,9
12/14/2020,Karak,96,11
12/14/2020,Balqa,96,8
12/14/2020,Maan,46,1
12/14/2020,Mafraq,296,10
12/14/2020,Tafilah,44,5
12/14/2020,Aqaba,84,2
12/15/2020,Amman,901,4
12/15/2020,Zarqa,214,6
12/15/2020,Jerash,70,12
12/15/2020,irbid ,808,7
12/15/2020,Madaba,54,3
12/15/2020,Ajloun,39,9
12/15/2020,Karak,131,11
12/15/2020,Balqa,153,8
12/15/2020,Maan,38,1
12/15/2020,Mafraq,29,10
12/15/2020,Tafilah,34,5
12/15/2020,Aqaba,76,2
12/16/2020,Amman,926,4
12/16/2020,Zarqa,136,6
12/16/2020,Jerash,74,12
12/16/2020,irbid ,771,7
12/16/2020,Madaba,60,3
12/16/2020,Ajloun,174,9
12/16/2020,Karak,53,11
12/16/2020,Balqa,124,8
12/16/2020,Maan,37,1
12/16/2020,Mafraq,90,10
12/16/2020,Tafilah,50,5
12/16/2020,Aqaba,66,2
12/17/2020,Amman,712,4
12/17/2020,Zarqa,147,6
12/17/2020,Jerash,92,12
12/17/2020,irbid ,572,7
12/17/2020,Madaba,91,3
12/17/2020,Ajloun,92,9
12/17/2020,Karak,72,11
12/17/2020,Balqa,149,8
12/17/2020,Maan,21,1
12/17/2020,Mafraq,166,10
12/17/2020,Tafilah,48,5
12/17/2020,Aqaba,59,2
12/18/2020,Amman,522,4
12/18/2020,Zarqa,150,6
12/18/2020,Jerash,48,12
12/18/2020,irbid ,662,7
12/18/2020,Madaba,54,3
12/18/2020,Ajloun,36,9
12/18/2020,Karak,48,11
12/18/2020,Balqa,50,8
12/18/2020,Maan,16,1
12/18/2020,Mafraq,101,10
12/18/2020,Tafilah,19,5
12/18/2020,Aqaba,2,2
12/19/2020,Amman,428,4
12/19/2020,Zarqa,27,6
12/19/2020,Jerash,33,12
12/19/2020,irbid ,466,7
12/19/2020,Madaba,1,3
12/19/2020,Ajloun,29,9
12/19/2020,Karak,44,11
12/19/2020,Balqa,74,8
12/19/2020,Maan,0,1
12/19/2020,Mafraq,116,10
12/19/2020,Tafilah,0,5
12/19/2020,Aqaba,65,2
12/20/2020,Amman,762,4
12/20/2020,Zarqa,125,6
12/20/2020,Jerash,74,12
12/20/2020,irbid ,614,7
12/20/2020,Madaba,48,3
12/20/2020,Ajloun,82,9
12/20/2020,Karak,58,11
12/20/2020,Balqa,144,8
12/20/2020,Maan,43,1
12/20/2020,Mafraq,75,10
12/20/2020,Tafilah,54,5
12/20/2020,Aqaba,73,2
12/21/2020,Amman,940,4
12/21/2020,Zarqa,213,6
12/21/2020,Jerash,157,12
12/21/2020,irbid ,615,7
12/21/2020,Madaba,48,3
12/21/2020,Ajloun,80,9
12/21/2020,Karak,92,11
12/21/2020,Balqa,138,8
12/21/2020,Maan,17,1
12/21/2020,Mafraq,112,10
12/21/2020,Tafilah,41,5
12/21/2020,Aqaba,46,2
12/22/2020,Amman,777,4
12/22/2020,Zarqa,217,6
12/22/2020,Jerash,67,12
12/22/2020,irbid ,736,7
12/22/2020,Madaba,49,3
12/22/2020,Ajloun,137,9
12/22/2020,Karak,47,11
12/22/2020,Balqa,153,8
12/22/2020,Maan,37,1
12/22/2020,Mafraq,96,10
12/22/2020,Tafilah,46,5
12/22/2020,Aqaba,82,2
12/23/2020,Amman,765,4
12/23/2020,Zarqa,134,6
12/23/2020,Jerash,133,12
12/23/2020,irbid ,503,7
12/23/2020,Madaba,41,3
12/23/2020,Ajloun,63,9
12/23/2020,Karak,91,11
12/23/2020,Balqa,106,8
12/23/2020,Maan,32,1
12/23/2020,Mafraq,133,10
12/23/2020,Tafilah,44,5
12/23/2020,Aqaba,46,2
12/24/2020,Amman,558,4
12/24/2020,Zarqa,126,6
12/24/2020,Jerash,75,12
12/24/2020,irbid ,532,7
12/24/2020,Madaba,33,3
12/24/2020,Ajloun,71,9
12/24/2020,Karak,40,11
12/24/2020,Balqa,96,8
12/24/2020,Maan,6,1
12/24/2020,Mafraq,82,10
12/24/2020,Tafilah,40,5
12/24/2020,Aqaba,48,2
12/25/2020,Amman,477,4
12/25/2020,Zarqa,138,6
12/25/2020,Jerash,75,12
12/25/2020,irbid ,627,7
12/25/2020,Madaba,17,3
12/25/2020,Ajloun,6,9
12/25/2020,Karak,33,11
12/25/2020,Balqa,41,8
12/25/2020,Maan,23,1
12/25/2020,Mafraq,146,10
12/25/2020,Tafilah,29,5
12/25/2020,Aqaba,4,2
12/26/2020,Amman,372,4
12/26/2020,Zarqa,21,6
12/26/2020,Jerash,5,12
12/26/2020,irbid ,344,7
12/26/2020,Madaba,27,3
12/26/2020,Ajloun,48,9
12/26/2020,Karak,20,11
12/26/2020,Balqa,82,8
12/26/2020,Maan,2,1
12/26/2020,Mafraq,63,10
12/26/2020,Tafilah,3,5
12/26/2020,Aqaba,63,2
12/27/2020,Amman,485,4
12/27/2020,Zarqa,95,6
12/27/2020,Jerash,91,12
12/27/2020,irbid ,377,7
12/27/2020,Madaba,36,3
12/27/2020,Ajloun,77,9
12/27/2020,Karak,56,11
12/27/2020,Balqa,143,8
12/27/2020,Maan,20,1
12/27/2020,Mafraq,108,10
12/27/2020,Tafilah,41,5
12/27/2020,Aqaba,61,2
12/28/2020,Amman,741,4
12/28/2020,Zarqa,133,6
12/28/2020,Jerash,52,12
12/28/2020,irbid ,448,7
12/28/2020,Madaba,55,3
12/28/2020,Ajloun,49,9
12/28/2020,Karak,72,11
12/28/2020,Balqa,91,8
12/28/2020,Maan,21,1
12/28/2020,Mafraq,81,10
12/28/2020,Tafilah,20,5
12/28/2020,Aqaba,39,2
12/29/2020,Amman,595,4
12/29/2020,Zarqa,109,6
12/29/2020,Jerash,37,12
12/29/2020,irbid ,398,7
12/29/2020,Madaba,43,3
12/29/2020,Ajloun,73,9
12/29/2020,Karak,79,11
12/29/2020,Balqa,78,8
12/29/2020,Maan,18,1
12/29/2020,Mafraq,151,10
12/29/2020,Tafilah,22,5
12/29/2020,Aqaba,42,2
12/30/2020,Amman,534,4
12/30/2020,Zarqa,102,6
12/30/2020,Jerash,52,12
12/30/2020,irbid ,594,7
12/30/2020,Madaba,35,3
12/30/2020,Ajloun,62,9
12/30/2020,Karak,66,11
12/30/2020,Balqa,104,8
12/30/2020,Maan,16,1
12/30/2020,Mafraq,61,10
12/30/2020,Tafilah,20,5
12/30/2020,Aqaba,28,2
12/31/2020,Amman,473,4
12/31/2020,Zarqa,124,6
12/31/2020,Jerash,36,12
12/31/2020,irbid ,330,7
12/31/2020,Madaba,67,3
12/31/2020,Ajloun,48,9
12/31/2020,Karak,63,11
12/31/2020,Balqa,88,8
12/31/2020,Maan,16,1
12/31/2020,Mafraq,130,10
12/31/2020,Tafilah,16,5
12/31/2020,Aqaba,36,2
1/1/2021,Amman,441,4
1/1/2021,Zarqa,62,6
1/1/2021,Jerash,36,12
1/1/2021,irbid ,507,7
1/1/2021,Madaba,16,3
1/1/2021,Ajloun,16,9
1/1/2021,Karak,37,11
1/1/2021,Balqa,43,8
1/1/2021,Maan,6,1
1/1/2021,Mafraq,58,10
1/1/2021,Tafilah,32,5
1/1/2021,Aqaba,17,2
1/2/2021,Amman,300,4
1/2/2021,Zarqa,27,6
1/2/2021,Jerash,29,12
1/2/2021,irbid ,351,7
1/2/2021,Madaba,22,3
1/2/2021,Ajloun,32,9
1/2/2021,Karak,27,11
1/2/2021,Balqa,84,8
1/2/2021,Maan,1,1
1/2/2021,Mafraq,20,10
1/2/2021,Tafilah,0,5
1/2/2021,Aqaba,10,2
1/3/2021,Amman,559,4
1/3/2021,Zarqa,64,6
1/3/2021,Jerash,53,12
1/3/2021,irbid ,513,7
1/3/2021,Madaba,36,3
1/3/2021,Ajloun,41,9
1/3/2021,Karak,37,11
1/3/2021,Balqa,75,8
1/3/2021,Maan,10,1
1/3/2021,Mafraq,104,10
1/3/2021,Tafilah,22,5
1/3/2021,Aqaba,26,2
1/4/2021,Amman,537,4
1/4/2021,Zarqa,139,6
1/4/2021,Jerash,64,12
1/4/2021,irbid ,463,7
1/4/2021,Madaba,41,3
1/4/2021,Ajloun,37,9
1/4/2021,Karak,29,11
1/4/2021,Balqa,115,8
1/4/2021,Maan,34,1
1/4/2021,Mafraq,100,10
1/4/2021,Tafilah,29,5
1/4/2021,Aqaba,35,2
1/5/2021,Amman,530,4
1/5/2021,Zarqa,90,6
1/5/2021,Jerash,61,12
1/5/2021,irbid ,362,7
1/5/2021,Madaba,34,3
1/5/2021,Ajloun,53,9
1/5/2021,Karak,35,11
1/5/2021,Balqa,120,8
1/5/2021,Maan,38,1
1/5/2021,Mafraq,85,10
1/5/2021,Tafilah,26,5
1/5/2021,Aqaba,38,2
1/6/2021,Amman,653,4
1/6/2021,Zarqa,66,6
1/6/2021,Jerash,55,12
1/6/2021,irbid ,384,7
1/6/2021,Madaba,32,3
1/6/2021,Ajloun,55,9
1/6/2021,Karak,42,11
1/6/2021,Balqa,94,8
1/6/2021,Maan,17,1
1/6/2021,Mafraq,104,10
1/6/2021,Tafilah,18,5
1/6/2021,Aqaba,33,2
1/7/2021,Amman,442,4
1/7/2021,Zarqa,139,6
1/7/2021,Jerash,37,12
1/7/2021,irbid ,317,7
1/7/2021,Madaba,29,3
1/7/2021,Ajloun,43,9
1/7/2021,Karak,42,11
1/7/2021,Balqa,74,8
1/7/2021,Maan,7,1
1/7/2021,Mafraq,40,10
1/7/2021,Tafilah,18,5
1/7/2021,Aqaba,27,2
1/8/2021,Amman,405,4
1/8/2021,Zarqa,83,6
1/8/2021,Jerash,44,12
1/8/2021,irbid ,346,7
1/8/2021,Madaba,9,3
1/8/2021,Ajloun,16,9
1/8/2021,Karak,9,11
1/8/2021,Balqa,59,8
1/8/2021,Maan,14,1
1/8/2021,Mafraq,47,10
1/8/2021,Tafilah,33,5
1/8/2021,Aqaba,27,2
1/9/2021,Amman,256,4
1/9/2021,Zarqa,41,6
1/9/2021,Jerash,0,12
1/9/2021,irbid ,257,7
1/9/2021,Madaba,17,3
1/9/2021,Ajloun,18,9
1/9/2021,Karak,19,11
1/9/2021,Balqa,114,8
1/9/2021,Maan,0,1
1/9/2021,Mafraq,63,10
1/9/2021,Tafilah,2,5
1/9/2021,Aqaba,9,2
1/10/2021,Amman,593,4
1/10/2021,Zarqa,51,6
1/10/2021,Jerash,47,12
1/10/2021,irbid ,187,7
1/10/2021,Madaba,45,3
1/10/2021,Ajloun,66,9
1/10/2021,Karak,39,11
1/10/2021,Balqa,144,8
1/10/2021,Maan,10,1
1/10/2021,Mafraq,21,10
1/10/2021,Tafilah,39,5
1/10/2021,Aqaba,12,2
1/11/2021,Amman,505,4
1/11/2021,Zarqa,107,6
1/11/2021,Jerash,60,12
1/11/2021,irbid ,431,7
1/11/2021,Madaba,38,3
1/11/2021,Ajloun,49,9
1/11/2021,Karak,21,11
1/11/2021,Balqa,101,8
1/11/2021,Maan,14,1
1/11/2021,Mafraq,89,10
1/11/2021,Tafilah,30,5
1/11/2021,Aqaba,16,2
1/12/2021,Amman,477,4
1/12/2021,Zarqa,76,6
1/12/2021,Jerash,40,12
1/12/2021,irbid ,250,7
1/12/2021,Madaba,15,3
1/12/2021,Ajloun,25,9
1/12/2021,Karak,26,11
1/12/2021,Balqa,108,8
1/12/2021,Maan,13,1
1/12/2021,Mafraq,105,10
1/12/2021,Tafilah,16,5
1/12/2021,Aqaba,25,2
1/13/2021,Amman,420,4
1/13/2021,Zarqa,50,6
1/13/2021,Jerash,53,12
1/13/2021,irbid ,321,7
1/13/2021,Madaba,23,3
1/13/2021,Ajloun,20,9
1/13/2021,Karak,44,11
1/13/2021,Balqa,68,8
1/13/2021,Maan,13,1
1/13/2021,Mafraq,82,10
1/13/2021,Tafilah,10,5
1/13/2021,Aqaba,18,2
1/14/2021,Amman,531,4
1/14/2021,Zarqa,57,6
1/14/2021,Jerash,42,12
1/14/2021,irbid ,188,7
1/14/2021,Madaba,25,3
1/14/2021,Ajloun,23,9
1/14/2021,Karak,27,11
1/14/2021,Balqa,98,8
1/14/2021,Maan,4,1
1/14/2021,Mafraq,56,10
1/14/2021,Tafilah,12,5
1/14/2021,Aqaba,12,2
1/15/2021,Amman,405,4
1/15/2021,Zarqa,47,6
1/15/2021,Jerash,21,12
1/15/2021,irbid ,210,7
1/15/2021,Madaba,16,3
1/15/2021,Ajloun,3,9
1/15/2021,Karak,1,11
1/15/2021,Balqa,29,8
1/15/2021,Maan,6,1
1/15/2021,Mafraq,45,10
1/15/2021,Tafilah,14,5
1/15/2021,Aqaba,11,2
1/16/2021,Amman,252,4
1/16/2021,Zarqa,63,6
1/16/2021,Jerash,7,12
1/16/2021,irbid ,216,7
1/16/2021,Madaba,9,3
1/16/2021,Ajloun,21,9
1/16/2021,Karak,36,11
1/16/2021,Balqa,65,8
1/16/2021,Maan,0,1
1/16/2021,Mafraq,25,10
1/16/2021,Tafilah,0,5
1/16/2021,Aqaba,12,2
1/17/2021,Amman,456,4
1/17/2021,Zarqa,32,6
1/17/2021,Jerash,61,12
1/17/2021,irbid ,134,7
1/17/2021,Madaba,27,3
1/17/2021,Ajloun,16,9
1/17/2021,Karak,17,11
1/17/2021,Balqa,112,8
1/17/2021,Maan,11,1
1/17/2021,Mafraq,58,10
1/17/2021,Tafilah,19,5
1/17/2021,Aqaba,14,2
1/18/2021,Amman,434,4
1/18/2021,Zarqa,89,6
1/18/2021,Jerash,44,12
1/18/2021,irbid ,237,7
1/18/2021,Madaba,9,3
1/18/2021,Ajloun,31,9
1/18/2021,Karak,25,11
1/18/2021,Balqa,77,8
1/18/2021,Maan,8,1
1/18/2021,Mafraq,47,10
1/18/2021,Tafilah,17,5
1/18/2021,Aqaba,11,2
1/19/2021,Amman,408,4
1/19/2021,Zarqa,62,6
1/19/2021,Jerash,49,12
1/19/2021,irbid ,188,7
1/19/2021,Madaba,19,3
1/19/2021,Ajloun,25,9
1/19/2021,Karak,15,11
1/19/2021,Balqa,45,8
1/19/2021,Maan,0,1
1/19/2021,Mafraq,47,10
1/19/2021,Tafilah,14,5
1/19/2021,Aqaba,11,2
1/20/2021,Amman,497,4
1/20/2021,Zarqa,40,6
1/20/2021,Jerash,13,12
1/20/2021,irbid ,210,7
1/20/2021,Madaba,18,3
1/20/2021,Ajloun,26,9
1/20/2021,Karak,19,11
1/20/2021,Balqa,80,8
1/20/2021,Maan,9,1
1/20/2021,Mafraq,53,10
1/20/2021,Tafilah,7,5
1/20/2021,Aqaba,6,2
1/21/2021,Amman,413,4
1/21/2021,Zarqa,31,6
1/21/2021,Jerash,15,12
1/21/2021,irbid ,185,7
1/21/2021,Madaba,12,3
1/21/2021,Ajloun,19,9
1/21/2021,Karak,5,11
1/21/2021,Balqa,54,8
1/21/2021,Maan,4,1
1/21/2021,Mafraq,29,10
1/21/2021,Tafilah,0,5
1/21/2021,Aqaba,9,2
1/22/2021,Amman,407,4
1/22/2021,Zarqa,58,6
1/22/2021,Jerash,12,12
1/22/2021,irbid ,161,7
1/22/2021,Madaba,3,3
1/22/2021,Ajloun,8,9
1/22/2021,Karak,24,11
1/22/2021,Balqa,20,8
1/22/2021,Maan,0,1
1/22/2021,Mafraq,19,10
1/22/2021,Tafilah,11,5
1/22/2021,Aqaba,7,2
1/23/2021,Amman,294,4
1/23/2021,Zarqa,9,6
1/23/2021,Jerash,5,12
1/23/2021,irbid ,95,7
1/23/2021,Madaba,8,3
1/23/2021,Ajloun,16,9
1/23/2021,Karak,20,11
1/23/2021,Balqa,9,8
1/23/2021,Maan,0,1
1/23/2021,Mafraq,60,10
1/23/2021,Tafilah,1,5
1/23/2021,Aqaba,6,2
1/24/2021,Amman,539,4
1/24/2021,Zarqa,23,6
1/24/2021,Jerash,30,12
1/24/2021,irbid ,148,7
1/24/2021,Madaba,16,3
1/24/2021,Ajloun,19,9
1/24/2021,Karak,9,11
1/24/2021,Balqa,82,8
1/24/2021,Maan,7,1
1/24/2021,Mafraq,29,10
1/24/2021,Tafilah,12,5
1/24/2021,Aqaba,20,2
1/25/2021,Amman,471,4
1/25/2021,Zarqa,31,6
1/25/2021,Jerash,19,12
1/25/2021,irbid ,176,7
1/25/2021,Madaba,12,3
1/25/2021,Ajloun,13,9
1/25/2021,Karak,16,11
1/25/2021,Balqa,36,8
1/25/2021,Maan,7,1
1/25/2021,Mafraq,34,10
1/25/2021,Tafilah,16,5
1/25/2021,Aqaba,14,2
1/26/2021,Amman,574,4
1/26/2021,Zarqa,47,6
1/26/2021,Jerash,21,12
1/26/2021,irbid ,119,7
1/26/2021,Madaba,14,3
1/26/2021,Ajloun,23,9
1/26/2021,Karak,6,11
1/26/2021,Balqa,66,8
1/26/2021,Maan,0,1
1/26/2021,Mafraq,37,10
1/26/2021,Tafilah,11,5
1/26/2021,Aqaba,25,2
1/27/2021,Amman,483,4
1/27/2021,Zarqa,47,6
1/27/2021,Jerash,36,12
1/27/2021,irbid ,113,7
1/27/2021,Madaba,13,3
1/27/2021,Ajloun,13,9
1/27/2021,Karak,12,11
1/27/2021,Balqa,53,8
1/27/2021,Maan,0,1
1/27/2021,Mafraq,70,10
1/27/2021,Tafilah,15,5
1/27/2021,Aqaba,15,2
1/28/2021,Amman,645,4
1/28/2021,Zarqa,34,6
1/28/2021,Jerash,26,12
1/28/2021,irbid ,133,7
1/28/2021,Madaba,13,3
1/28/2021,Ajloun,8,9
1/28/2021,Karak,23,11
1/28/2021,Balqa,87,8
1/28/2021,Maan,7,1
1/28/2021,Mafraq,48,10
1/28/2021,Tafilah,14,5
1/28/2021,Aqaba,20,2
1/29/2021,Amman,612,4
1/29/2021,Zarqa,36,6
1/29/2021,Jerash,18,12
1/29/2021,irbid ,120,7
1/29/2021,Madaba,20,3
1/29/2021,Ajloun,3,9
1/29/2021,Karak,5,11
1/29/2021,Balqa,15,8
1/29/2021,Maan,4,1
1/29/2021,Mafraq,10,10
1/29/2021,Tafilah,12,5
1/29/2021,Aqaba,9,2
1/30/2021,Amman,354,4
1/30/2021,Zarqa,36,6
1/30/2021,Jerash,8,12
1/30/2021,irbid ,122,7
1/30/2021,Madaba,0,3
1/30/2021,Ajloun,10,9
1/30/2021,Karak,12,11
1/30/2021,Balqa,65,8
1/30/2021,Maan,1,1
1/30/2021,Mafraq,27,10
1/30/2021,Tafilah,0,5
1/30/2021,Aqaba,6,2
1/31/2021,Amman,763,4
1/31/2021,Zarqa,29,6
1/31/2021,Jerash,14,12
1/31/2021,irbid ,89,7
1/31/2021,Madaba,12,3
1/31/2021,Ajloun,13,9
1/31/2021,Karak,17,11
1/31/2021,Balqa,182,8
1/31/2021,Maan,5,1
1/31/2021,Mafraq,18,10
1/31/2021,Tafilah,25,5
1/31/2021,Aqaba,14,2
2/1/2021,Amman,763,4
2/1/2021,Zarqa,83,6
2/1/2021,Jerash,27,12
2/1/2021,irbid ,158,7
2/1/2021,Madaba,14,3
2/1/2021,Ajloun,28,9
2/1/2021,Karak,11,11
2/1/2021,Balqa,80,8
2/1/2021,Maan,3,1
2/1/2021,Mafraq,13,10
2/1/2021,Tafilah,12,5
2/1/2021,Aqaba,15,2
2/2/2021,Amman,692,4
2/2/2021,Zarqa,47,6
2/2/2021,Jerash,27,12
2/2/2021,irbid ,153,7
2/2/2021,Madaba,20,3
2/2/2021,Ajloun,29,9
2/2/2021,Karak,23,11
2/2/2021,Balqa,69,8
2/2/2021,Maan,1,1
2/2/2021,Mafraq,33,10
2/2/2021,Tafilah,18,5
2/2/2021,Aqaba,20,2
2/3/2021,Amman,795,4
2/3/2021,Zarqa,45,6
2/3/2021,Jerash,26,12
2/3/2021,irbid ,155,7
2/3/2021,Madaba,22,3
2/3/2021,Ajloun,24,9
2/3/2021,Karak,26,11
2/3/2021,Balqa,116,8
2/3/2021,Maan,1,1
2/3/2021,Mafraq,42,10
2/3/2021,Tafilah,13,5
2/3/2021,Aqaba,15,2
2/4/2021,Amman,856,4
2/4/2021,Zarqa,62,6
2/4/2021,Jerash,24,12
2/4/2021,irbid ,176,7
2/4/2021,Madaba,17,3
2/4/2021,Ajloun,12,9
2/4/2021,Karak,37,11
2/4/2021,Balqa,50,8
2/4/2021,Maan,2,1
2/4/2021,Mafraq,27,10
2/4/2021,Tafilah,9,5
2/4/2021,Aqaba,22,2
2/5/2021,Amman,746,4
2/5/2021,Zarqa,54,6
2/5/2021,Jerash,16,12
2/5/2021,irbid ,163,7
2/5/2021,Madaba,19,3
2/5/2021,Ajloun,5,9
2/5/2021,Karak,3,11
2/5/2021,Balqa,133,8
2/5/2021,Maan,0,1
2/5/2021,Mafraq,58,10
2/5/2021,Tafilah,13,5
2/5/2021,Aqaba,12,2
2/6/2021,Amman,555,4
2/6/2021,Zarqa,25,6
2/6/2021,Jerash,4,12
2/6/2021,irbid ,118,7
2/6/2021,Madaba,2,3
2/6/2021,Ajloun,15,9
2/6/2021,Karak,4,11
2/6/2021,Balqa,93,8
2/6/2021,Maan,1,1
2/6/2021,Mafraq,48,10
2/6/2021,Tafilah,0,5
2/6/2021,Aqaba,0,2
2/7/2021,Amman,833,4
2/7/2021,Zarqa,20,6
2/7/2021,Jerash,16,12
2/7/2021,irbid ,115,7
2/7/2021,Madaba,16,3
2/7/2021,Ajloun,24,9
2/7/2021,Karak,28,11
2/7/2021,Balqa,137,8
2/7/2021,Maan,7,1
2/7/2021,Mafraq,43,10
2/7/2021,Tafilah,23,5
2/7/2021,Aqaba,37,2
2/8/2021,Amman,1170,4
2/8/2021,Zarqa,60,6
2/8/2021,Jerash,28,12
2/8/2021,irbid ,163,7
2/8/2021,Madaba,23,3
2/8/2021,Ajloun,30,9
2/8/2021,Karak,26,11
2/8/2021,Balqa,101,8
2/8/2021,Maan,12,1
2/8/2021,Mafraq,30,10
2/8/2021,Tafilah,7,5
2/8/2021,Aqaba,35,2
2/9/2021,Amman,983,4
2/9/2021,Zarqa,65,6
2/9/2021,Jerash,37,12
2/9/2021,irbid ,152,7
2/9/2021,Madaba,27,3
2/9/2021,Ajloun,13,9
2/9/2021,Karak,21,11
2/9/2021,Balqa,101,8
2/9/2021,Maan,0,1
2/9/2021,Mafraq,37,10
2/9/2021,Tafilah,20,5
2/9/2021,Aqaba,27,2
2/10/2021,Amman,1242,4
2/10/2021,Zarqa,72,6
2/10/2021,Jerash,23,12
2/10/2021,irbid ,168,7
2/10/2021,Madaba,15,3
2/10/2021,Ajloun,16,9
2/10/2021,Karak,56,11
2/10/2021,Balqa,151,8
2/10/2021,Maan,24,1
2/10/2021,Mafraq,39,10
2/10/2021,Tafilah,21,5
2/10/2021,Aqaba,28,2
2/11/2021,Amman,1176,4
2/11/2021,Zarqa,78,6
2/11/2021,Jerash,41,12
2/11/2021,irbid ,216,7
2/11/2021,Madaba,31,3
2/11/2021,Ajloun,29,9
2/11/2021,Karak,20,11
2/11/2021,Balqa,128,8
2/11/2021,Maan,7,1
2/11/2021,Mafraq,51,10
2/11/2021,Tafilah,7,5
2/11/2021,Aqaba,23,2
2/12/2021,Amman,1181,4
2/12/2021,Zarqa,94,6
2/12/2021,Jerash,27,12
2/12/2021,irbid ,152,7
2/12/2021,Madaba,11,3
2/12/2021,Ajloun,8,9
2/12/2021,Karak,30,11
2/12/2021,Balqa,26,8
2/12/2021,Maan,1,1
2/12/2021,Mafraq,12,10
2/12/2021,Tafilah,4,5
2/12/2021,Aqaba,33,2
2/13/2021,Amman,820,4
2/13/2021,Zarqa,113,6
2/13/2021,Jerash,25,12
2/13/2021,irbid ,114,7
2/13/2021,Madaba,12,3
2/13/2021,Ajloun,20,9
2/13/2021,Karak,26,11
2/13/2021,Balqa,72,8
2/13/2021,Maan,3,1
2/13/2021,Mafraq,24,10
2/13/2021,Tafilah,1,5
2/13/2021,Aqaba,10,2
2/14/2021,Amman,1695,4
2/14/2021,Zarqa,67,6
2/14/2021,Jerash,51,12
2/14/2021,irbid ,167,7
2/14/2021,Madaba,50,3
2/14/2021,Ajloun,37,9
2/14/2021,Karak,85,11
2/14/2021,Balqa,179,8
2/14/2021,Maan,8,1
2/14/2021,Mafraq,49,10
2/14/2021,Tafilah,11,5
2/14/2021,Aqaba,48,2
2/15/2021,Amman,1612,4
2/15/2021,Zarqa,103,6
2/15/2021,Jerash,44,12
2/15/2021,irbid ,144,7
2/15/2021,Madaba,41,3
2/15/2021,Ajloun,34,9
2/15/2021,Karak,33,11
2/15/2021,Balqa,206,8
2/15/2021,Maan,17,1
2/15/2021,Mafraq,20,10
2/15/2021,Tafilah,26,5
2/15/2021,Aqaba,32,2
2/16/2021,Amman,1649,4
2/16/2021,Zarqa,217,6
2/16/2021,Jerash,48,12
2/16/2021,irbid ,226,7
2/16/2021,Madaba,50,3
2/16/2021,Ajloun,59,9
2/16/2021,Karak,78,11
2/16/2021,Balqa,195,8
2/16/2021,Maan,26,1
2/16/2021,Mafraq,24,10
2/16/2021,Tafilah,33,5
2/16/2021,Aqaba,52,2
2/17/2021,Amman,1918,4
2/17/2021,Zarqa,149,6
2/17/2021,Jerash,55,12
2/17/2021,irbid ,192,7
2/17/2021,Madaba,49,3
2/17/2021,Ajloun,31,9
2/17/2021,Karak,57,11
2/17/2021,Balqa,357,8
2/17/2021,Maan,8,1
2/17/2021,Mafraq,34,10
2/17/2021,Tafilah,7,5
2/17/2021,Aqaba,30,2
2/18/2021,Amman,1638,4
2/18/2021,Zarqa,86,6
2/18/2021,Jerash,16,12
2/18/2021,irbid ,108,7
2/18/2021,Madaba,30,3
2/18/2021,Ajloun,0,9
2/18/2021,Karak,65,11
2/18/2021,Balqa,85,8
2/18/2021,Maan,22,1
2/18/2021,Mafraq,33,10
2/18/2021,Tafilah,12,5
2/18/2021,Aqaba,32,2
2/19/2021,Amman,390,4
2/19/2021,Zarqa,136,6
2/19/2021,Jerash,10,12
2/19/2021,irbid ,156,7
2/19/2021,Madaba,6,3
2/19/2021,Ajloun,5,9
2/19/2021,Karak,41,11
2/19/2021,Balqa,104,8
2/19/2021,Maan,0,1
2/19/2021,Mafraq,5,10
2/19/2021,Tafilah,5,5
2/19/2021,Aqaba,9,2
2/20/2021,Amman,1781,4
2/20/2021,Zarqa,59,6
2/20/2021,Jerash,17,12
2/20/2021,irbid ,26,7
2/20/2021,Madaba,3,3
2/20/2021,Ajloun,13,9
2/20/2021,Karak,34,11
2/20/2021,Balqa,184,8
2/20/2021,Maan,21,1
2/20/2021,Mafraq,18,10
2/20/2021,Tafilah,1,5
2/20/2021,Aqaba,43,2
2/21/2021,Amman,2642,4
2/21/2021,Zarqa,99,6
2/21/2021,Jerash,87,12
2/21/2021,irbid ,313,7
2/21/2021,Madaba,99,3
2/21/2021,Ajloun,41,9
2/21/2021,Karak,65,11
2/21/2021,Balqa,404,8
2/21/2021,Maan,33,1
2/21/2021,Mafraq,40,10
2/21/2021,Tafilah,32,5
2/21/2021,Aqaba,62,2
2/22/2021,Amman,2953,4
2/22/2021,Zarqa,251,6
2/22/2021,Jerash,79,12
2/22/2021,irbid ,286,7
2/22/2021,Madaba,50,3
2/22/2021,Ajloun,39,9
2/22/2021,Karak,98,11
2/22/2021,Balqa,565,8
2/22/2021,Maan,44,1
2/22/2021,Mafraq,96,10
2/22/2021,Tafilah,36,5
2/22/2021,Aqaba,53,2
2/23/2021,Amman,2679,4
2/23/2021,Zarqa,368,6
2/23/2021,Jerash,69,12
2/23/2021,irbid ,246,7
2/23/2021,Madaba,106,3
2/23/2021,Ajloun,47,9
2/23/2021,Karak,95,11
2/23/2021,Balqa,363,8
2/23/2021,Maan,44,1
2/23/2021,Mafraq,33,10
2/23/2021,Tafilah,23,5
2/23/2021,Aqaba,66,2
2/24/2021,Amman,2726,4
2/24/2021,Zarqa,158,6
2/24/2021,Jerash,79,12
2/24/2021,irbid ,283,7
2/24/2021,Madaba,67,3
2/24/2021,Ajloun,38,9
2/24/2021,Karak,108,11
2/24/2021,Balqa,394,8
2/24/2021,Maan,48,1
2/24/2021,Mafraq,42,10
2/24/2021,Tafilah,28,5
2/24/2021,Aqaba,53,2
2/25/2021,Amman,2550,4
2/25/2021,Zarqa,211,6
2/25/2021,Jerash,89,12
2/25/2021,irbid ,225,7
2/25/2021,Madaba,95,3
2/25/2021,Ajloun,62,9
2/25/2021,Karak,73,11
2/25/2021,Balqa,390,8
2/25/2021,Maan,32,1
2/25/2021,Mafraq,44,10
2/25/2021,Tafilah,10,5
2/25/2021,Aqaba,46,2
